{
	"partitions" : [
		{
			"name" : "Top",
			"pins" : [
				{
					"name" : "win",
					"strict" : false
				},
				{
					"name" : "s6",
					"strict" : false
				},
				{
					"name" : "D",
					"strict" : false
				},
				{
					"name" : "s5",
					"strict" : false
				},
				{
					"name" : "s4",
					"strict" : false
				},
				{
					"name" : "s3",
					"strict" : false
				},
				{
					"name" : "s2",
					"strict" : false
				},
				{
					"name" : "s1",
					"strict" : false
				},
				{
					"name" : "s0",
					"strict" : false
				},
				{
					"name" : "reset",
					"strict" : false
				},
				{
					"name" : "clk",
					"strict" : false
				},
				{
					"name" : "e",
					"strict" : false
				},
				{
					"name" : "w",
					"strict" : false
				},
				{
					"name" : "s",
					"strict" : false
				},
				{
					"name" : "n",
					"strict" : false
				}
			]
		}
	]
}